user_id,price,cost,nights,meal_type,room_type
1,240.25,214.5,3,BE,DB
1,190.41,163.12,1,BE,SB
1,185.38,163.07,1,BE,SB
1,472.45,419.34,2,BC,DB
1,274.65,243.77,3,RO,SB
1,186.17,164.51,1,BC,SB
1,186.17,164.51,1,BC,SB
1,303.54,266.5,1,RO,DB
1,212.5,161.05,1,RO,DB
1,338.03,297.34,2,RO,SB
1,502.52,446.01,3,RO,SB
1,338.03,297.34,2,RO,SB
1,193.21,164.34,1,RO,SB
1,193.21,164.34,1,RO,SB
2,782.38,513.87,3,RO,TW
2,396.32,351.77,2,BC,TB
2,189.34,167.29,1,RO,TW
2,344.37,304.28,2,RO,TB
2,386.22,319.08,2,BC,TB
2,872.57,784.51,3,BE,DB
2,290.86,260.5,1,BC,SB
2,565.84,509.01,2,BE,SB
2,352.57,312.92,2,RO,SB
2,383.25,335.3,2,RO,SB
2,216.22,189.45,1,BC,DB
2,860.9,756.58,3,BE,SB
2,607.19,531.22,2,BC,DB
2,775.81,688.0,2,BC,DB
2,620.61,542.96,2,BC,DB
3,306.25,267.0,3,BC,QB
3,445.63,392.0,2,BC,QB
3,445.63,392.0,2,BC,QB
3,426.47,375.15,2,BC,SB
3,426.47,375.15,2,BC,QB
3,154.09,132.0,1,BC,SB
3,154.09,132.0,1,BC,QB
3,281.58,245.5,3,BC,QB
3,306.25,267.0,3,BC,QB
3,293.69,258.35,3,BC,QB
3,377.13,337.77,5,BC,TW
3,172.6,150.48,3,BC,DB
3,220.54,194.0,2,BC,QB
4,447.25,401.44,5,BC,DB
4,462.48,414.22,3,BC,TW
4,462.48,414.22,3,BC,TW
4,375.79,339.66,3,BC,DB
4,375.79,339.66,3,BC,TW
4,352.77,321.0,2,RO,TB
4,233.77,212.0,2,RO,DB
4,682.01,616.44,3,BC,DB
4,166.05,150.08,2,RO,DB
4,115.38,110.5,2,BC,DB
4,172.68,165.38,3,BE,DB
4,241.44,216.0,2,BC,DB
4,139.44,132.81,3,RO,DB
4,897.88,846.62,4,RO,QB
4,221.7,206.44,2,RO,TB
4,105.63,102.43,1,BC,DB
5,584.29,523.32,7,BE,DB
5,429.91,378.18,5,BE,DB
5,309.86,272.56,4,BE,DB
5,147.9,113.82,2,BC,DB
5,254.18,227.64,4,BC,DB
5,616.65,552.3,5,BC,DB
5,559.74,501.32,4,BC,DB
5,453.82,410.19,4,RO,DB
5,117.04,102.94,1,RO,DB
5,434.4,382.11,3,BC,DB
5,188.11,165.46,3,RO,DB
5,408.57,365.19,3,RO,DB
5,313.63,279.62,6,RO,DB
5,142.91,125.71,2,RO,DB
5,319.89,285.21,4,BE,DB
5,130.86,111.2,2,RO,TW
6,127.49,110.17,1,RO,SB
6,78.16,68.75,1,RO,SB
6,514.13,452.27,7,RO,SB
6,209.16,183.98,2,RO,SB
6,288.7,253.96,6,RO,SB
6,144.35,126.98,3,RO,SB
6,180.34,158.62,3,RO,SB
6,108.24,95.21,2,RO,SB
6,95.63,84.12,1,RO,DB
6,262.75,231.13,7,RO,SB
6,163.85,144.13,2,RO,SB
6,517.08,454.85,7,RO,SB
6,263.0,231.34,2,RO,SB
6,321.98,285.77,3,RO,DB
6,94.85,80.56,1,RO,SB
6,375.62,333.38,5,RO,SB
6,124.6,111.79,1,RO,SB
6,244.44,215.02,2,RO,SB
6,81.69,60.5,1,RO,SB
6,141.19,125.32,2,BC,DB
6,212.38,188.5,3,RO,SB
6,146.42,127.5,2,RO,SB
6,103.35,84.84,2,BE,QB
6,308.77,262.9,3,RO,DB
6,719.46,638.04,7,HB,TW
6,173.77,150.68,2,BC,SB
7,166.88,162.94,4,BC,DB
7,276.76,247.88,4,BC,QB
7,151.62,133.36,4,BE,DB
7,288.78,258.64,4,BC,DB
7,274.45,261.58,4,BE,DB
7,143.1,123.05,4,BC,DB
7,164.41,144.04,4,BC,DB
7,167.32,158.0,4,BC,DB
7,291.65,282.16,4,RO,TW
7,239.91,217.0,5,BC,TW
7,173.6,168.0,3,BC,TW
8,179.66,163.12,4,RO,DB
8,150.07,132.0,4,RO,DB
8,264.81,242.7,4,BC,TW
8,233.31,208.96,4,RO,QB
8,199.57,174.0,4,RO,DB
8,269.98,237.49,4,RO,DB
8,199.41,175.41,3,RO,DB
8,252.72,220.34,4,RO,QB
8,202.24,174.78,4,RO,DB
8,200.35,176.24,4,RO,DB
8,220.25,192.88,4,RO,DB
9,104.9,67.9,1,BC,SB
9,77.47,50.13,1,RO,SB
9,68.38,58.1,1,RO,SB
9,71.31,50.73,1,BC,SB
9,134.81,118.58,2,BC,SB
9,133.07,107.98,2,RO,SB
9,159.59,140.39,2,BC,FL5
9,93.69,68.58,2,RO,SB
9,94.87,69.44,2,BC,SB
9,300.67,199.78,2,RO,SB
9,188.82,142.66,2,BC,SB
9,155.23,133.5,3,RO,SB
9,136.55,115.2,3,RO,SB
9,165.65,143.0,2,BC,SB
9,157.37,140.25,3,BC,SB
9,93.49,78.92,2,RO,SB
10,163.99,138.09,1,RO,DB
10,146.66,129.0,1,BC,DB
10,562.95,504.2,2,RO,DB
10,295.54,264.69,2,BC,DB
10,164.09,144.34,1,BC,QB
10,253.1,226.68,1,BC,TW
10,370.83,332.13,2,BC,TW
10,284.73,255.0,2,BC,DB
10,190.44,170.23,1,RO,DB
10,163.64,143.8,1,BC,DB
11,124.05,113.5,2,BC,TW
11,401.95,360.0,6,BC,DB
11,133.42,121.43,2,BC,DB
11,408.85,400.0,4,BC,TW
11,408.85,400.0,4,BC,TW
11,147.28,142.55,2,BE,DB
11,110.41,102.82,2,BE,DB
11,128.04,127.52,2,BE,DB
11,109.43,101.91,2,BE,DB
11,109.44,101.92,2,BE,DB
11,73.72,71.33,1,BE,DB
11,195.08,182.97,3,BC,TW
11,109.47,101.95,2,BE,DB
12,294.7,263.94,2,BC,SB
12,294.7,263.94,2,BC,SB
12,329.32,294.95,1,BE,TW
12,1212.96,1081.47,7,BC,SB
12,1212.96,1081.47,7,BC,SB
12,1212.96,1081.47,7,BC,SB
12,1287.01,1240.0,2,RO,SB
12,1370.04,1320.0,2,BC,SB
12,851.75,770.0,1,BC,SB
12,164.61,158.18,1,BC,SB
13,90.53,81.83,1,BC,DB
13,84.66,76.52,1,RO,DB
13,142.07,127.24,1,RO,QB
13,334.57,289.95,3,BC,DB
13,111.58,96.69,1,RO,DB
13,109.79,95.14,1,BC,FL5
13,93.23,79.61,1,RO,TW
13,113.17,99.91,1,BC,DB
13,72.59,63.7,1,RO,DB
13,138.66,123.45,1,RO,DB
14,87.77,78.6,2,RO,QB
14,78.82,70.59,2,RO,QB
14,126.08,112.92,3,RO,QB
14,137.53,122.07,2,RO,QB
14,65.29,57.94,1,RO,QB
14,68.0,60.36,1,RO,QB
14,78.74,70.52,2,RO,QB
14,94.2,85.94,2,RO,DB
14,65.95,58.53,1,RO,QB
14,66.93,59.4,1,RO,QB
15,136.87,119.34,1,RO,SB
15,135.8,118.39,1,RO,SB
15,271.45,238.78,2,RO,SB
15,671.74,607.17,6,RO,SB
15,553.21,495.48,4,RO,SB
15,558.91,498.32,4,RO,SB
15,138.85,121.05,1,RO,SB
15,163.86,136.67,1,RO,DB
15,664.71,612.03,3,RO,DB
15,759.28,699.11,6,RO,DB
16,146.38,137.88,2,BC,DB
16,100.52,90.03,1,RO,DB
16,150.8,135.06,2,RO,TW
16,121.35,106.74,3,HB,DB
16,266.98,234.86,5,BE,DB
16,271.56,232.65,5,RO,TB
16,141.8,123.08,3,RO,DB
16,251.91,233.09,3,RO,DB
16,137.11,128.38,3,RO,DB
16,196.21,185.88,4,RO,DB
17,451.66,404.54,4,BC,FL6
17,126.33,113.15,2,BC,DB
17,426.59,382.08,4,BC,FL6
17,290.47,260.16,3,BC,DB
17,432.64,387.5,4,BC,FL6
17,188.7,169.02,4,BC,DB
17,193.54,173.35,2,BC,DB
17,96.57,84.94,1,BC,DB
17,587.27,525.99,4,RO,DB
17,353.26,312.15,4,BC,DB
17,183.55,162.92,2,BC,DB
17,390.73,349.96,4,BC,DB
17,173.04,153.59,3,BC,DB
17,73.94,63.5,2,BE,TW
17,418.15,359.12,2,RO,DB
17,170.14,150.0,3,BC,DB
17,130.3,114.95,2,BE,DB
17,305.84,270.0,5,BC,DB
17,492.24,442.57,7,BC,TB
18,429.49,384.67,3,BC,QB
18,429.49,384.67,3,BC,QB
18,872.07,781.07,4,BC,DB
18,872.07,781.07,4,BC,DB
18,872.07,781.07,4,BC,DB
18,539.8,483.48,4,BC,SB
18,539.8,483.48,4,BC,DB
18,371.75,332.94,4,BC,DB
18,371.75,332.94,4,BC,DB
18,371.75,332.94,4,BC,DB
18,371.75,332.94,4,BC,DB
18,642.77,577.89,1,RO,DB
19,961.13,876.78,5,BC,SB
19,961.13,876.78,5,BC,SB
19,961.13,876.78,5,BC,SB
19,961.13,876.78,5,BC,SB
19,961.13,876.78,5,BC,SB
19,961.13,876.78,5,BC,SB
19,320.38,292.26,5,BC,SB
19,961.13,876.78,5,BC,SB
19,961.13,876.78,5,BC,SB
19,961.13,876.78,5,BC,SB
20,152.34,134.0,3,BC,DB
20,152.34,134.0,3,BC,DB
20,185.01,162.75,3,BC,TW
20,319.58,284.94,5,HB,TW
20,319.58,284.94,5,HB,TW
20,319.58,284.94,5,HB,TW
20,319.58,284.94,5,HB,TW
20,319.58,284.94,5,HB,TW
20,319.58,284.94,5,HB,TW
20,319.58,284.94,5,HB,TW
20,319.58,284.94,5,HB,TW
20,566.15,504.77,7,AI,QB
20,871.0,776.58,7,AI,QB
20,871.0,776.58,7,AI,QB
20,500.82,446.53,7,AI,QB
20,500.82,446.53,7,AI,QB
20,500.82,446.53,7,AI,QB
20,500.82,446.53,7,AI,QB
20,566.15,504.77,7,AI,QB
20,435.51,388.29,7,AI,QB
20,435.51,388.29,7,AI,QB
20,435.51,388.29,7,AI,QB
20,435.51,388.29,7,AI,QB
20,435.51,388.29,7,AI,QB
20,435.51,388.29,7,AI,QB
20,435.51,388.29,7,AI,QB
20,500.82,446.53,7,AI,QB
20,566.15,504.77,7,AI,QB
20,204.25,181.28,5,HB,TB
20,147.88,131.83,5,HB,DB
20,316.44,283.4,5,HB,DB
20,316.44,283.4,5,HB,DB
20,152.29,135.78,3,HB,DB
20,290.75,260.4,7,HB,QB
20,605.48,542.29,7,AI,QB
20,185.01,162.75,3,BC,TW
20,582.58,521.78,7,AI,QB
20,629.67,561.41,7,HB,TB
20,320.58,285.38,7,HB,DB
20,198.04,176.56,3,FB,DB
20,158.76,139.65,5,HB,TW
20,319.58,284.94,5,HB,TW
20,319.58,284.94,5,HB,TW
20,319.58,284.94,5,HB,TW
20,319.58,284.94,5,HB,TW
20,319.58,284.94,5,HB,TW
20,319.58,284.94,5,HB,TW
20,819.67,713.86,7,AI,QB
20,426.45,375.55,7,HB,DB
20,463.02,407.75,7,AI,QB
20,566.15,504.77,7,AI,QB
20,435.51,388.29,7,AI,QB
20,871.0,776.58,7,AI,QB
20,871.0,776.58,7,AI,QB
20,435.51,388.29,7,AI,QB
20,435.51,388.29,7,AI,QB
20,435.51,388.29,7,AI,QB
20,435.51,388.29,7,AI,QB
20,500.82,446.53,7,AI,QB
20,317.87,283.4,5,HB,DB
20,317.87,283.4,5,HB,DB
20,178.35,159.0,3,BC,DB
20,317.87,283.4,5,HB,DB
20,317.87,283.4,5,HB,DB
20,203.32,181.28,5,HB,TB
20,203.32,181.28,5,HB,TB
20,426.08,379.89,7,HB,DB
20,426.08,379.89,7,HB,DB
20,317.87,283.4,5,HB,DB
20,317.87,283.4,5,HB,DB
20,152.54,136.0,3,HB,DB
21,255.71,248.28,3,FB,DB
21,131.88,124.17,4,HB,DB
21,131.88,124.17,4,HB,DB
21,221.25,213.5,3,HB,DB
21,126.94,122.8,4,HB,DB
21,123.33,119.31,3,BC,TW
21,123.33,119.31,3,BC,TW
21,130.01,125.76,4,HB,DB
21,252.04,250.36,4,HB,DB
21,252.04,250.36,4,HB,DB
21,252.3,250.62,4,HB,DB
21,252.3,250.62,4,HB,DB
21,251.77,250.1,4,HB,DB
21,251.77,250.1,4,HB,DB
21,129.79,124.44,4,HB,DB
21,254.72,250.53,4,HB,DB
21,254.72,250.53,4,HB,DB
21,334.17,326.94,7,HB,DB
21,128.84,126.05,4,HB,DB
21,128.84,125.95,4,HB,DB
21,127.51,124.76,4,HB,DB
21,255.02,263.0,4,HB,DB
21,255.02,263.0,4,HB,DB
21,125.24,122.52,4,HB,TW
21,253.43,245.18,3,FB,DB
21,109.85,106.02,2,BC,DB
22,567.04,507.87,3,BE,DB
22,1779.95,1587.0,4,BE,TW
22,1779.95,1587.0,4,BE,TW
22,1779.95,1587.0,4,BE,TW
22,389.32,345.7,2,BC,FL6
22,585.6,563.43,4,BC,TB
22,486.93,468.5,4,BC,TB
22,440.63,398.4,2,BE,TW
22,440.63,398.4,2,BE,TW
22,346.88,332.0,4,BC,DB
22,329.63,319.0,4,BC,DB
23,165.32,144.12,4,BC,DB
23,560.21,499.47,5,RO,DB
23,65.54,57.64,1,BC,DB
23,109.8,90.1,1,BC,DB
23,128.89,113.38,2,BC,DB
23,316.47,283.44,5,BC,DB
23,79.14,66.3,2,RO,DB
23,227.96,224.36,5,RO,DB
23,331.35,315.6,7,RO,DB
23,332.71,319.72,7,RO,TW
23,317.63,305.76,7,RO,TW
23,153.29,134.04,3,RO,DB
23,163.62,157.49,3,RO,DB
23,173.6,167.94,3,RO,DB
23,424.9,411.06,7,RO,DB
23,313.49,305.97,7,RO,DB
24,484.63,434.06,4,BC,TW
24,452.83,405.58,2,BC,TW
24,120.98,106.41,2,BC,DB
24,271.75,243.39,5,BC,DB
24,1003.25,906.81,4,BC,DB
24,1003.25,906.81,4,BC,DB
24,321.29,287.76,4,BC,DB
24,275.16,259.6,4,BC,TB
24,86.81,76.36,1,RO,DB
24,192.9,169.68,2,BC,DB
24,137.08,120.58,2,BC,DB
24,216.88,194.25,2,BC,DB
24,480.24,430.12,3,BC,DB
24,480.24,430.12,3,BC,DB
24,310.7,278.28,3,BC,DB
24,331.39,296.8,3,BC,DB
24,336.37,301.27,3,BC,DB
24,1269.46,1137.01,4,BC,TB
24,101.64,89.41,2,BE,TW
24,226.85,179.45,3,RO,DB
24,469.12,434.4,3,BC,DB
25,182.01,158.68,2,BC,QB
25,611.54,519.4,2,HB,QB
25,610.69,518.68,2,HB,QB
25,178.08,172.27,2,BC,DB
25,95.82,92.7,1,BC,TW
25,153.39,150.0,2,RO,TW
25,155.05,150.0,2,RO,TW
25,382.8,370.45,5,BC,TW
25,381.66,369.36,5,BC,TW
25,381.76,369.45,5,BC,DB
25,418.3,404.82,5,BC,DB
26,329.29,294.92,4,RO,QB
26,165.39,147.65,2,RO,TW
26,465.27,414.83,2,RO,DB
26,289.65,280.16,2,RO,DB
26,633.18,596.17,7,RO,SB
26,726.61,702.9,6,RO,DB
26,230.94,196.44,5,RO,SB
26,226.56,218.06,5,RO,SB
26,175.1,166.62,2,RO,DB
26,312.1,305.37,2,RO,DB
26,179.11,171.12,4,RO,SB
26,491.86,477.0,5,RO,TW
27,145.51,128.0,4,BC,DB
27,100.05,88.0,4,BC,DB
27,144.14,128.51,4,BC,DB
27,180.17,160.64,5,BC,DB
27,179.45,160.0,5,BC,DB
27,255.72,228.0,4,BC,DB
27,123.38,110.0,5,BC,DB
27,110.85,97.5,3,BC,DB
27,93.98,90.0,4,BC,DB
27,89.26,86.0,4,BC,DB
27,88.9,86.0,4,BC,DB
27,196.31,193.2,5,BC,DB
27,89.5,86.0,4,BC,DB
27,90.48,86.0,4,BC,DB
27,89.5,86.0,4,BC,DB
27,89.67,88.0,4,BC,DB
27,88.92,86.0,4,BC,DB
27,140.29,135.72,4,BC,DB
28,95.14,86.11,2,RO,DB
28,113.61,100.84,2,RO,DB
28,74.18,65.25,2,BC,DB
28,106.75,94.74,2,RO,DB
28,72.73,63.98,2,BC,DB
28,73.55,64.69,2,BC,DB
28,73.55,64.69,2,BC,DB
28,98.51,89.86,2,RO,DB
28,80.98,77.19,2,RO,TW
28,91.63,82.37,2,RO,DB
28,90.85,82.79,2,RO,SB
29,389.06,376.0,4,BC,TB
29,389.06,376.0,4,BC,DB
29,144.28,138.56,3,BC,TW
29,193.57,184.96,4,BC,DB
29,193.57,184.96,4,BC,TB
29,109.16,96.88,4,RO,QB
29,81.97,73.0,3,RO,DB
29,184.43,180.44,7,RO,DB
29,237.62,213.64,7,HB,DB
29,89.83,87.87,4,RO,DB
29,88.94,87.0,4,RO,DB
29,92.25,89.23,3,RO,QB
29,192.71,173.26,7,RO,TB
29,210.16,188.0,5,RO,TW
29,168.9,152.6,2,RO,DB
29,168.9,152.6,2,RO,DB
30,401.24,359.36,5,BC,DB
30,77.24,67.94,1,RO,DB
30,221.04,197.97,3,BC,DB
30,439.0,394.97,3,RO,SB
30,153.94,137.25,2,BC,TW
30,274.24,262.64,2,RO,DB
30,176.26,175.0,3,BC,DB
30,431.33,415.22,4,BC,DB
30,842.44,815.03,3,RO,SB
30,842.44,815.03,3,RO,SB
30,167.09,160.21,2,BC,DB
30,78.89,75.13,1,RO,DB
30,365.87,357.18,3,BC,SB
31,139.84,123.0,2,BC,DB
31,106.86,94.0,2,BC,DB
31,126.02,124.5,3,BC,DB
31,104.88,100.98,3,BC,DB
31,153.44,132.6,3,BC,TW
31,139.84,123.0,2,BC,DB
31,146.66,129.0,3,BC,DB
31,174.32,146.16,3,BC,DB
31,140.49,135.0,3,BC,DB
31,87.77,77.12,2,BC,TW
31,110.82,107.1,3,BC,TW
31,122.06,118.08,3,BC,DB
31,109.1,105.52,3,BC,DB
31,145.76,141.0,3,BC,DB
31,133.78,126.69,3,BC,DB
31,151.53,143.5,3,BC,TW
31,144.28,138.0,3,BC,DB
31,106.65,102.0,3,BC,DB
32,266.2,237.34,2,AI,DB
32,320.65,309.9,2,AI,DB
32,326.91,315.95,2,AI,DB
32,139.48,134.92,1,AI,DB
32,125.72,121.62,1,AI,DB
32,209.8,205.46,1,AI,DB
32,116.89,109.5,1,AI,DB
32,131.19,128.46,1,AI,DB
32,183.69,178.75,1,AI,DB
32,129.35,125.26,1,AI,DB
32,184.19,178.35,1,AI,DB
33,89.25,83.46,2,RO,DB
33,127.85,99.97,2,RO,DB
33,513.15,451.4,4,RO,DB
33,513.15,451.4,4,RO,DB
33,130.74,112.01,2,RO,TB
33,146.79,129.13,3,RO,DB
33,93.85,82.56,2,RO,DB
33,63.01,59.4,1,RO,DB
33,122.53,104.82,2,BC,DB
33,114.82,98.25,2,BC,DB
33,162.52,140.29,3,RO,DB
33,386.55,363.44,4,RO,DB
34,151.16,129.5,1,BC,TW
34,334.45,291.6,1,RO,SB
34,334.45,291.6,1,RO,SB
34,334.45,291.6,1,RO,SB
34,382.99,338.4,2,BC,SB
34,206.47,180.0,1,BC,DB
34,158.31,136.8,1,RO,SB
34,158.31,136.8,1,RO,SB
34,114.82,103.68,1,BC,SB
34,273.55,252.8,2,BC,FL5
34,576.41,542.0,4,RO,TW
34,576.41,542.0,4,RO,TW
34,169.65,153.5,2,RO,TW
35,532.13,476.6,4,BC,DB
35,202.62,181.47,3,BE,DB
35,167.82,150.3,3,BC,SB
35,161.51,144.0,3,BC,SB
35,269.62,233.0,4,BC,DB
35,203.29,177.0,3,BC,DB
35,312.25,297.6,4,BC,TB
35,116.93,90.72,1,BC,DB
35,202.23,189.45,3,BC,SB
35,194.27,175.82,2,BC,DB
35,738.95,669.18,6,BC,DB
35,755.1,683.81,6,BC,DB
36,119.36,105.0,3,BC,DB
36,140.28,124.5,3,BC,DB
36,151.6,131.0,2,RO,TB
36,166.06,144.0,3,BC,DB
36,432.94,386.0,2,RO,DB
36,432.94,386.0,2,RO,DB
36,130.0,124.5,3,BC,DB
36,359.94,322.5,3,BC,DB
36,359.94,322.5,3,BC,DB
36,174.31,163.5,3,BC,DB
36,321.74,290.91,3,BC,FL5
36,477.64,460.69,7,AI,TW
36,291.58,279.95,3,BC,DB
36,366.76,350.88,3,HB,DB
36,366.76,350.88,3,HB,DB
36,496.07,471.0,5,HB,TB
37,217.72,195.0,5,BC,SB
37,309.37,277.08,5,BC,SB
37,565.01,558.18,7,HB,FL5
37,298.47,293.75,5,BC,FL5
37,430.73,415.0,5,BC,SB
37,354.13,366.52,5,BC,SB
37,211.78,204.06,3,BC,SB
37,453.47,428.25,5,BC,SB
37,258.35,247.26,3,BC,DB
37,75.25,71.05,1,BC,SB
37,247.06,239.0,3,BC,SB
37,73.95,69.03,1,BC,TW
38,310.39,300.69,3,HB,DB
38,183.03,181.12,2,BE,DB
38,241.79,215.12,2,BC,DB
38,208.45,176.11,3,HB,TW
38,164.59,141.0,2,BC,DB
38,1550.69,1455.0,4,BE,DB
38,1550.69,1455.0,4,BE,DB
38,1550.69,1455.0,4,BE,DB
38,473.2,420.0,3,BC,DB
38,473.2,420.0,3,BC,DB
38,187.88,163.8,3,HB,TW
38,333.58,324.94,3,RO,TB
38,195.97,192.0,3,HB,DB
38,247.42,238.22,3,BE,TW
38,114.99,111.6,2,BC,TW
38,247.2,230.68,3,HB,DB
38,159.34,153.38,2,HB,TW
38,172.67,166.28,4,HB,TW
38,372.09,364.04,4,HB,DB
38,200.96,194.4,4,HB,TW
38,314.92,291.6,3,HB,TW
38,314.92,291.6,3,HB,TW
38,254.18,244.27,3,RO,DB
38,137.08,132.6,2,BE,TW
38,75.9,70.86,1,BC,TW
38,168.48,156.0,3,BC,DB
38,191.51,186.96,3,BC,DB
38,261.6,258.22,2,BC,DB
38,261.6,258.22,2,BC,SB
39,117.46,103.32,2,BC,QB
39,155.75,137.0,2,BC,SB
39,165.5,143.64,2,BC,DB
39,247.25,238.22,4,BC,SB
39,243.34,214.0,4,BC,SB
39,333.51,318.99,4,BC,DB
39,345.87,334.61,5,BC,DB
39,245.84,235.2,4,BC,DB
39,421.28,356.86,5,BC,DB
39,169.89,146.0,2,BC,DB
39,159.41,138.6,2,BC,DB
39,204.57,197.54,3,BC,DB
40,331.74,323.92,3,BC,DB
40,331.96,324.14,3,BC,TW
40,303.43,296.29,4,BC,DB
40,303.47,296.33,4,BC,DB
40,359.97,322.4,7,BC,SB
40,468.42,419.53,6,RO,SB
40,332.71,297.99,5,RO,SB
40,239.43,203.35,6,BC,DB
40,119.97,116.84,2,BC,SB
40,148.55,143.12,5,BC,DB
41,406.0,406.0,7,BB,SB
41,329.0,329.0,7,RO,SB
41,309.0,309.0,7,RO,SB
41,170.85,170.85,5,RO,SB
41,383.0,383.0,7,RO,SB
41,383.85,383.85,4,RO,TW
41,300.0,300.0,6,RO,SB
41,355.0,355.0,5,RO,SB
41,249.0,249.0,5,RO,DB
41,350.0,350.0,7,RO,SB
41,566.49,566.48,6,BC,SB
41,1033.0,1033.0,5,RO,SB
41,360.0,360.0,-5,RO,DB
41,543.0,543.0,7,RO,SB
41,405.28,405.28,5,RO,SB
41,567.39,567.39,7,RO,SB
41,515.29,515.29,6,BC,SB
41,291.0,291.0,6,RO,SB
42,171.45,150.82,3,BC,TW
42,82.99,73.0,2,BC,DB
42,211.13,189.09,3,BC,TW
42,192.35,169.2,4,BC,SB
42,97.51,78.12,1,BE,DB
42,105.78,105.0,3,BC,DB
42,384.49,354.43,5,BE,TW
42,96.26,89.95,2,BC,TB
42,180.72,174.82,2,BC,TW
42,149.14,142.65,3,BC,DB
42,195.77,169.0,3,BC,DB
43,174.29,151.95,1,RO,SB
43,169.86,149.42,1,RO,DB
43,179.09,157.54,1,RO,DB
43,169.67,149.25,1,RO,DB
43,169.95,149.5,1,RO,DB
43,164.6,144.79,1,RO,DB
43,147.26,129.54,1,RO,SB
43,125.09,107.16,1,RO,DB
43,152.36,134.02,1,RO,DB
43,152.36,134.02,1,RO,DB
43,124.26,106.44,1,RO,SB
43,129.34,110.8,1,RO,SB
43,155.25,136.56,1,RO,SB
43,124.75,106.86,1,RO,SB
43,173.72,150.8,1,RO,DB
44,1174.97,1062.01,5,BC,QB
44,1174.23,1061.34,5,BC,QB
44,1172.53,1059.81,5,BC,QB
44,1163.69,1052.32,5,BC,QB
44,1164.25,1052.32,5,BC,QB
44,1162.46,1050.7,5,BC,QB
44,1166.15,1054.04,5,BC,QB
44,1166.15,1054.04,5,BC,QB
44,1165.93,1053.84,5,BC,QB
44,1152.69,1061.35,5,BC,QB
44,1142.05,1032.26,5,BC,QB
44,1160.98,1068.98,5,BC,QB
44,1099.81,1022.22,5,BC,QB
45,76.41,70.82,1,BC,SB
45,76.41,70.82,1,BC,SB
45,76.41,70.82,1,BC,SB
45,76.41,70.82,1,BC,SB
45,85.53,79.27,1,BE,DB
45,75.8,70.25,1,BE,SB
45,191.83,177.8,2,BC,SB
45,191.83,177.8,2,BC,SB
45,191.83,177.8,2,BC,SB
45,191.83,177.8,2,BC,SB
45,191.83,177.8,2,BC,SB
45,108.62,100.88,1,BC,SB
45,108.62,100.88,1,BC,SB
45,108.62,100.88,1,BC,SB
45,108.62,100.88,1,BC,SB
45,108.62,100.88,1,BC,SB
45,108.62,100.88,1,BC,SB
45,108.62,100.88,1,BC,SB
45,108.62,100.88,1,BC,SB
45,108.62,100.88,1,BC,SB
45,288.51,251.54,3,BC,SB
45,313.06,268.92,3,BE,TW
45,163.13,140.72,2,RO,SB
45,163.13,140.72,2,RO,SB
45,163.13,143.82,2,RO,SB
45,313.06,268.92,3,BE,DB
45,647.0,575.2,4,BC,DB
45,434.95,385.9,3,BC,DB
45,434.95,385.9,3,BC,DB
45,458.91,410.7,3,BC,SB
46,2636.66,2361.54,7,BC,DB
46,2636.66,2361.54,7,BC,TB
46,508.07,452.67,1,RO,TW
46,508.07,452.67,1,RO,TW
46,428.73,381.97,1,RO,TW
46,428.73,381.97,1,RO,TW
46,313.46,281.4,2,BC,QB
46,759.31,677.0,3,BE,DB
46,2892.97,2579.38,4,BC,DB
46,2892.97,2579.38,4,BC,DB
46,1456.94,1299.0,5,BC,QB
46,1843.53,1720.13,4,AI,DB
46,1843.53,1720.13,4,AI,DB
46,494.04,476.0,4,BC,TW
46,414.94,351.0,3,BC,DB
46,975.44,911.46,6,BC,TW
46,215.59,195.9,1,BC,TB
47,190.73,170.82,2,BC,DB
47,189.01,169.29,2,BC,DB
47,196.55,176.04,1,BC,TW
47,196.55,176.04,1,BC,TW
47,391.15,350.33,2,BC,DB
47,391.15,350.33,2,BC,DB
47,178.03,152.52,2,BC,TW
47,180.6,161.01,1,RO,DB
47,180.6,161.01,1,RO,DB
47,180.6,161.01,1,RO,DB
47,70.24,67.15,1,RO,TW
48,334.02,293.82,3,BC,SB
48,75.38,68.13,1,RO,DB
48,381.9,337.6,4,RO,SB
48,177.38,156.8,2,RO,SB
48,255.22,225.6,3,RO,SB
48,441.44,380.8,4,RO,SB
48,422.88,364.8,4,RO,SB
48,403.99,348.5,4,RO,SB
48,526.15,456.0,4,RO,SB
48,185.12,164.0,1,RO,SB
49,1290.94,1172.22,4,BC,DB
49,1088.2,988.13,4,BC,DB
49,603.28,550.34,5,BE,DB
49,595.53,543.26,5,BE,DB
49,352.77,310.17,3,RO,DB
49,171.12,160.45,1,RO,DB
49,720.93,697.81,3,BC,DB
49,412.92,390.71,2,BE,DB
49,414.88,390.53,2,BE,DB
49,116.55,104.2,1,BC,DB
49,1226.18,1196.26,4,RO,DB
49,950.37,917.55,3,BC,DB
49,537.53,498.45,4,BC,DB
50,644.61,577.34,6,BC,DB
50,217.77,193.29,4,RO,DB
50,342.99,307.19,7,BC,DB
50,615.96,541.02,6,RO,DB
50,120.25,101.91,2,RO,DB
50,175.63,150.87,3,RO,FL5
50,153.84,130.87,2,RO,TW
50,332.22,285.38,6,BC,DB
50,181.36,158.91,3,RO,TW
50,292.41,256.8,5,BC,TW
50,206.19,169.49,6,RO,DB
51,350.45,306.9,2,BC,DB
51,177.53,155.46,2,BC,TW
51,213.82,187.26,2,BC,QB
51,237.34,207.84,2,BC,DB
51,200.97,176.0,2,BC,DB
51,163.79,142.8,2,BC,DB
51,454.73,394.93,2,BC,TW
51,163.79,142.8,2,BC,DB
51,454.73,394.93,2,BC,DB
51,454.73,394.93,2,BC,DB
51,454.73,394.93,2,BC,DB
51,454.73,394.93,2,BC,DB
51,244.32,213.96,2,BC,DB
51,244.32,238.12,2,BC,DB
51,152.06,132.56,2,BC,QB
51,172.03,149.98,2,BC,QB
51,172.03,149.98,2,BC,QB
51,134.63,108.72,2,BC,TW
51,195.35,171.06,2,BC,DB
51,195.35,171.06,2,BC,DB
51,282.52,247.42,2,BE,DB
51,282.52,247.42,2,BE,DB
51,282.52,247.42,2,BE,DB
51,282.52,247.42,2,BE,DB
51,134.63,108.72,2,BC,TW
51,203.76,178.44,2,BC,QB
51,206.23,180.6,2,BC,DB
51,132.2,106.76,2,BC,DB
51,156.0,136.0,2,BC,DB
51,182.7,160.0,2,BC,DB
51,132.78,107.22,2,BC,TW
51,132.78,107.22,2,BC,TW
51,150.88,131.54,2,BC,DB
51,127.97,103.34,2,BC,TW
51,200.97,176.0,2,BC,DB
51,216.19,189.32,2,BC,DB
51,216.19,189.32,2,BC,DB
51,182.7,160.0,2,BC,DB
51,215.57,188.78,2,BC,TW
51,244.39,214.02,2,BC,QB
51,269.75,236.23,2,BC,DB
51,152.06,132.56,2,BC,QB
51,501.82,441.42,2,BE,DB
51,501.82,441.42,2,BE,DB
51,150.38,132.28,2,BE,DB
52,105.23,92.56,1,BC,TW
52,266.55,255.0,1,BC,DB
52,266.55,255.0,1,BC,DB
52,168.3,162.0,1,BC,DB
52,168.3,162.0,1,BC,DB
52,266.55,255.0,1,BC,DB
52,266.55,255.0,1,BC,DB
52,266.54,255.0,1,BC,DB
52,266.54,255.0,1,BC,DB
52,266.55,255.0,1,BC,DB
52,266.55,255.0,1,BC,DB
52,119.95,114.75,1,BC,SB
52,131.93,127.5,1,BC,DB
53,226.79,199.5,4,BC,SB
53,172.38,149.62,3,BC,SB
53,100.44,82.45,2,BC,SB
53,123.65,105.0,2,BC,SB
53,185.45,157.5,3,BC,SB
53,194.16,164.9,4,BC,SB
53,194.16,164.9,4,BC,SB
53,194.16,164.9,4,BC,SB
53,228.44,194.0,4,BC,SB
53,194.16,164.9,4,BC,SB
53,194.16,164.9,4,BC,SB
53,194.16,164.9,4,BC,SB
53,194.16,164.9,4,BC,SB
53,100.44,82.45,2,BC,SB
54,213.88,189.83,4,RO,SB
54,328.81,284.97,7,RO,DB
54,255.34,221.26,5,RO,SB
54,178.21,156.76,3,RO,SB
54,169.05,146.47,3,RO,SB
54,368.07,318.94,7,RO,SB
54,462.67,400.92,7,RO,SB
54,263.14,227.0,5,RO,SB
54,267.35,231.69,5,BC,SB
54,263.1,227.98,5,RO,SB
54,355.84,308.35,7,RO,SB
54,264.43,222.68,5,RO,SB
54,289.76,251.13,6,RO,DB
54,177.52,145.92,3,RO,SB
55,920.66,898.26,2,BC,DB
55,920.66,898.26,2,BC,DB
55,920.66,898.26,2,BC,SB
55,892.61,870.9,2,BC,DB
55,892.61,870.9,2,BC,DB
55,892.61,870.9,2,BC,DB
55,587.0,573.19,1,BC,SB
55,960.0,839.88,2,RO,SB
55,960.0,839.88,2,RO,SB
55,1534.08,1374.0,6,BC,DB
55,7576.58,6786.0,6,BC,DB
55,7576.58,6786.0,6,BC,DB
55,7576.58,6786.0,6,BC,DB
55,1107.58,987.52,4,BE,DB
55,1107.58,987.52,4,BE,DB
55,200.78,179.0,1,BC,SB
55,2072.69,1760.0,4,BC,DB
55,2072.69,1760.0,4,BC,DB
55,887.35,869.4,2,RO,DB
55,887.35,869.4,2,RO,DB
55,887.35,869.4,2,RO,DB
55,650.08,579.6,2,RO,SB
55,650.08,579.6,2,RO,DB
55,1341.14,1320.0,3,BC,DB
55,1341.14,1320.0,3,BC,DB
55,1341.14,1320.0,3,BC,DB
55,601.56,592.08,3,BC,SB
55,601.56,592.08,3,BC,SB
55,251.68,239.7,1,RO,DB
55,251.68,239.7,1,RO,DB
55,251.68,239.7,1,RO,DB
55,1261.99,1117.88,2,BE,DB
55,1261.99,1117.88,2,BE,DB
55,1261.99,1117.88,2,BE,DB
55,410.83,391.31,2,BC,SB
55,83.9,79.9,1,RO,SB
55,681.12,666.4,3,RO,DB
55,681.12,666.4,3,RO,DB
55,1063.37,1040.4,3,RO,DB
55,1063.37,1040.4,3,RO,DB
55,1063.37,1040.4,3,RO,DB
55,1437.26,1394.97,3,RO,DB
55,1437.26,1394.97,3,RO,SB
55,1437.26,1394.97,3,RO,SB
56,200.37,182.26,4,HB,SB
56,420.4,376.53,7,BC,QB
56,169.47,149.08,4,HB,SB
56,203.51,182.27,3,BC,TW
56,281.72,259.32,6,HB,FL6
56,260.33,251.93,7,HB,SB
56,158.19,139.15,5,BC,DB
56,102.19,89.88,2,BC,TW
56,200.28,178.56,7,BE,SB
56,177.09,173.49,6,BC,DB
56,164.13,155.0,5,BC,SB
56,255.96,247.63,5,RO,DB
56,138.01,133.5,3,HB,SB
56,205.05,177.0,5,HB,SB
56,190.36,179.62,7,HB,SB
56,367.43,358.79,7,HB,SB
57,111.21,89.8,1,BC,DB
57,155.32,135.4,1,BC,DB
57,467.71,406.44,2,BC,DB
57,185.2,162.18,1,BC,DB
57,119.21,96.26,1,BC,DB
57,100.91,74.75,1,BC,DB
57,140.53,122.51,1,BC,DB
57,171.53,150.21,1,BC,DB
57,94.13,76.0,1,BC,DB
57,174.72,153.0,1,BC,DB
57,185.2,162.18,1,BC,DB
57,94.99,70.36,1,BC,QB
57,130.88,105.69,1,BC,DB
57,93.02,75.11,1,BC,DB
57,174.72,153.0,1,BC,DB
57,155.32,135.4,1,BC,DB
57,117.32,94.74,1,BC,DB
57,131.04,114.24,1,BC,DB
57,166.79,145.41,1,BC,DB
57,109.35,88.29,1,BC,DB
57,163.69,142.7,1,BC,DB
57,143.44,125.06,1,BC,DB
57,130.88,105.69,1,BC,DB
57,140.53,122.51,1,BC,DB
57,129.97,113.31,1,BC,DB
57,155.32,135.4,1,BC,DB
57,157.92,137.69,1,BC,DB
57,271.77,238.0,1,BC,DB
57,88.8,65.77,1,BC,DB
57,141.75,123.58,1,BC,DB
57,157.92,137.69,1,BC,DB
57,173.45,151.9,1,BC,QB
57,195.85,171.52,1,BC,DB
57,140.53,122.51,1,BC,DB
57,126.93,102.49,1,BC,DB
57,111.05,89.67,1,BC,DB
57,143.98,125.53,1,BC,DB
57,95.8,70.96,1,BC,DB
57,138.1,120.39,1,BC,DB
57,94.13,76.0,1,BC,DB
57,108.49,87.6,1,BC,DB
57,92.94,68.0,1,BC,DB
57,126.93,102.49,1,BC,DB
57,108.49,87.6,1,BC,DB
57,126.93,113.88,1,BC,DB
57,169.1,147.42,1,BC,DB
57,111.4,89.95,1,BC,DB
57,73.15,54.18,1,BC,DB
57,213.54,187.0,2,BC,DB
57,230.16,201.56,2,BC,DB
57,500.19,440.0,2,BC,DB
57,542.25,474.4,2,BC,DB
57,153.07,133.46,1,BC,QB
57,335.88,296.77,2,BC,DB
57,335.88,296.77,2,BC,DB
57,245.56,216.0,2,BC,DB
57,356.13,314.68,2,BC,DB
57,379.09,334.96,2,BC,DB
57,276.13,245.08,2,BC,DB
57,147.79,130.0,1,BC,DB
57,132.98,116.97,1,BC,DB
57,147.79,130.0,1,BC,DB
57,84.43,63.0,1,BC,DB
57,147.79,130.0,1,BC,DB
57,321.62,288.05,2,BC,DB
57,247.41,236.04,2,BC,DB
57,468.37,412.0,2,BC,DB
57,356.13,314.68,2,BC,DB
57,356.13,314.68,2,BC,DB
57,356.13,314.68,2,BC,DB
58,146.46,133.0,3,BC,DB
58,105.55,92.4,3,BC,TW
58,1063.67,1028.97,5,BC,TW
58,1063.67,1028.97,5,BC,TW
58,1063.67,1028.97,5,BC,TW
58,389.69,376.98,2,BC,DB
58,389.69,376.98,2,BC,DB
58,389.69,376.98,2,BC,DB
58,326.1,284.85,3,BE,DB
58,403.66,381.6,3,BC,DB
58,403.66,381.6,3,BC,TB
58,306.64,296.04,3,BC,TW
58,306.64,296.04,3,BC,TW
58,402.13,353.4,3,BC,DB
58,402.13,353.4,3,BC,DB
59,405.43,359.72,4,RO,DB
59,405.43,359.72,4,RO,DB
59,481.78,427.8,5,BC,DB
59,1480.41,1319.94,5,AI,DB
59,376.82,331.46,5,BE,DB
59,457.61,408.0,3,BC,TW
59,457.61,408.0,3,BC,DB
59,282.05,278.65,3,AI,FL8
59,1310.13,1267.5,5,BC,DB
59,1310.13,1267.5,5,BC,DB
59,1310.13,1267.5,5,BC,DB
59,163.77,140.0,2,BC,DB
59,723.02,673.39,4,BC,DB
60,371.23,315.28,4,BE,TW
60,630.23,567.04,4,BE,SB
60,630.23,567.04,4,BE,SB
60,159.84,146.5,1,RO,DB
60,337.01,292.02,1,RO,TB
60,337.01,292.02,1,RO,TB
60,353.71,306.5,1,RO,TB
60,353.71,306.5,1,RO,DB
60,377.33,334.51,7,HB,DB
60,355.81,304.31,1,RO,TB
60,355.81,304.31,1,RO,DB
61,367.34,323.16,5,BC,DB
61,381.09,297.5,5,BC,SB
61,345.11,346.45,5,BC,SB
61,318.29,275.91,4,BC,FL6
61,282.04,274.0,4,BC,SB
61,315.9,291.41,4,BC,SB
61,296.34,278.18,5,RO,SB
61,355.29,338.39,5,BE,SB
61,315.76,306.22,4,BE,SB
61,663.27,647.73,3,BC,DB
61,663.27,647.73,3,BC,DB
61,663.27,647.73,3,BC,SB
62,210.46,188.39,3,BC,DB
62,102.58,90.23,2,RO,DB
62,347.49,307.04,4,RO,DB
62,311.24,275.02,3,BC,DB
62,136.43,120.0,3,BC,DB
62,272.22,239.46,3,BC,DB
62,316.52,278.43,3,BC,DB
62,114.9,101.57,2,BE,DB
62,343.11,298.5,3,BC,DB
62,117.82,102.67,2,BE,DB
62,120.85,108.65,2,BC,DB
62,92.16,82.86,1,BC,DB
63,212.49,189.44,1,RO,SB
63,289.01,247.2,1,RO,SB
63,699.54,633.06,2,RO,SB
63,761.78,701.42,2,RO,SB
63,429.7,383.8,1,BE,SB
63,354.67,315.9,2,RO,SB
63,529.06,498.0,2,BC,SB
63,597.44,562.37,2,RO,SB
63,357.0,312.78,2,RO,SB
63,364.88,351.25,1,BC,SB
63,296.06,285.0,1,RO,SB
63,366.69,353.0,1,BC,SB
63,1368.14,1218.46,3,BC,SB
64,418.31,376.36,7,RO,TB
64,398.48,356.89,7,RO,TW
64,283.41,243.45,5,BC,SB
64,283.41,243.45,5,BC,SB
64,283.41,243.45,5,BC,SB
64,188.94,162.3,5,BC,SB
64,188.94,162.3,5,BC,SB
64,204.67,175.8,5,BC,SB
64,204.67,175.8,5,BC,SB
64,103.09,83.8,3,RO,TW
64,195.03,168.37,3,RO,SB
64,195.03,168.37,3,RO,SB
65,530.64,473.12,4,BE,DB
65,442.26,394.32,3,BC,TB
65,415.22,366.89,3,BC,SB
65,1265.78,1148.33,4,BE,DB
65,653.75,574.22,2,BE,DB
65,372.96,320.31,2,RO,DB
65,289.4,288.9,3,BE,DB
65,289.4,288.9,3,BE,DB
65,585.8,500.98,6,BE,DB
65,463.68,398.53,5,RO,TW
65,287.4,248.11,2,RO,SB
65,287.4,248.11,2,RO,DB
65,287.4,248.11,2,RO,DB
66,106.49,103.99,1,RO,DB
66,283.35,254.93,3,RO,QB
66,514.67,462.91,2,RO,SB
66,514.67,462.91,2,RO,SB
66,589.85,526.37,2,RO,SB
66,589.85,526.37,2,RO,SB
66,462.12,404.3,1,RO,SB
66,462.12,404.3,1,RO,SB
66,1181.83,1038.63,3,RO,SB
66,1181.83,1038.63,3,RO,SB
67,276.07,250.5,3,BC,DB
67,567.29,510.42,3,BC,TW
67,567.29,510.42,3,BC,TW
67,251.16,223.92,3,BC,SB
67,502.3,447.84,3,BC,SB
67,502.3,447.84,3,BC,SB
67,263.8,234.13,3,BE,DB
67,769.04,744.0,3,BC,DB
67,769.04,744.0,3,BC,DB
67,769.04,744.0,3,BC,DB
67,769.04,744.0,3,BC,DB
67,843.45,816.0,3,BC,DB
67,843.45,816.0,3,BC,DB
67,890.82,820.0,3,BC,DB
67,890.82,820.0,3,BC,DB
68,109.42,106.83,1,HB,DB
68,88.94,78.23,1,BE,DB
68,123.99,110.55,1,BC,DB
68,116.48,113.65,1,BC,TB
68,415.02,410.0,3,BC,DB
68,60.77,58.0,1,BC,DB
68,169.37,163.68,3,BC,SB
68,86.37,84.11,1,BC,DB
68,321.69,307.78,3,BC,SB
68,201.51,196.73,2,BC,DB
68,210.33,209.49,3,BC,SB
69,144.85,127.41,3,RO,DB
69,177.63,156.24,2,RO,DB
69,68.93,59.2,1,RO,TW
69,74.43,65.48,1,RO,DB
69,74.33,65.41,1,RO,DB
69,74.51,65.24,1,RO,DB
69,68.63,68.63,1,BC,DB
69,74.18,64.64,1,RO,DB
69,149.22,129.82,2,RO,DB
69,142.19,127.84,2,BE,DB
70,138.57,114.0,3,BC,SB
70,113.52,112.0,1,RO,SB
70,355.56,312.0,4,BC,SB
70,159.43,140.4,2,BC,SB
70,196.19,172.77,2,BC,SB
70,140.11,136.0,1,RO,SB
70,170.68,152.0,4,BC,SB
70,146.72,120.69,4,BC,SB
70,179.2,156.0,3,BC,SB
70,241.36,206.4,3,BC,SB
70,451.57,422.64,3,BC,SB
70,451.57,422.64,3,BC,SB
70,223.32,207.0,3,BC,SB
71,916.72,810.0,3,BC,TW
71,727.33,642.67,4,BC,SB
71,727.33,642.67,4,BC,SB
71,1090.98,964.0,6,BC,SB
71,730.45,645.42,4,BC,SB
71,730.45,645.42,4,BC,SB
71,2181.93,1928.06,4,BC,SB
71,2181.93,1928.06,4,BC,SB
71,2181.93,1928.06,4,BC,SB
71,182.12,160.91,1,BC,SB
71,795.53,702.93,4,BC,SB
71,182.9,161.61,1,BE,SB
72,111.23,106.38,1,RO,DB
72,210.78,205.82,1,BC,SB
72,533.53,520.97,2,BC,SB
72,514.19,473.45,3,BE,DB
72,157.31,153.16,1,RO,DB
72,401.96,360.0,2,BC,DB
72,243.45,210.0,1,BC,DB
72,249.31,240.0,1,BC,SB
72,130.37,124.03,1,RO,SB
72,131.02,126.12,1,BC,DB
72,114.48,111.5,1,BC,SB
72,326.27,294.06,2,BC,SB
73,123.29,106.55,1,BC,SB
73,123.29,106.55,1,BC,SB
73,123.29,106.55,1,BC,SB
73,151.44,134.14,1,BC,SB
73,151.44,134.14,1,BC,DB
73,151.44,134.14,1,BC,DB
73,171.46,150.68,1,BC,DB
73,167.01,146.77,1,BE,DB
73,180.72,156.0,1,BC,DB
73,168.28,149.24,1,BE,DB
74,73.04,68.5,1,BC,SB
74,118.24,90.5,2,BC,SB
74,158.54,137.0,3,BC,SB
74,119.55,92.0,2,BC,SB
74,138.57,118.0,2,BC,SB
74,158.72,140.0,2,BC,DB
74,117.66,91.0,2,BC,SB
74,117.66,91.0,2,BC,SB
74,69.21,51.0,1,BC,DB
74,139.25,116.0,2,BC,SB
74,138.54,102.96,2,RO,TW
74,122.6,115.0,2,BC,SB
75,145.67,127.0,1,BC,DB
75,0.0,128.0,2,BC,DB
75,0.0,214.0,2,BC,DB
75,0.0,132.0,2,RO,DB
75,0.0,119.0,2,BC,DB
75,0.0,183.52,2,BC,DB
75,0.0,163.3,2,BC,DB
75,0.0,235.22,2,BC,DB
75,0.0,229.0,2,BC,DB
75,0.0,150.0,2,BC,DB
75,0.0,200.0,2,BC,DB
75,0.0,202.94,2,BC,DB
75,0.0,214.0,2,BC,DB
75,0.0,192.0,2,BC,DB
75,0.0,165.12,2,BC,DB
75,0.0,232.44,2,BE,DB
75,0.0,203.5,2,BC,DB
75,0.0,192.0,2,BC,DB
75,0.0,167.15,2,BC,DB
75,0.0,200.0,2,BC,DB
75,0.0,210.76,2,BC,DB
75,0.0,193.54,2,BC,DB
75,0.0,203.0,2,BC,DB
75,0.0,150.0,2,BC,DB
75,0.0,150.0,2,BC,DB
75,0.0,183.14,2,BC,DB
75,0.0,156.0,2,BC,DB
75,0.0,200.0,2,BC,DB
75,0.0,136.08,2,BC,DB
75,0.0,193.68,2,BC,DB
75,0.0,131.04,2,BE,DB
75,0.0,205.2,2,BE,DB
75,0.0,205.2,2,BE,DB
75,0.0,205.2,2,BE,DB
75,0.0,205.2,2,BE,DB
76,197.0,173.29,4,BC,SB
76,503.18,459.0,4,BC,SB
76,503.18,459.0,4,BC,SB
76,503.18,459.0,4,BC,SB
76,602.33,528.56,4,BC,SB
76,602.33,528.56,4,BC,SB
76,602.33,528.56,4,BC,SB
76,464.51,420.0,4,BC,SB
76,464.51,420.0,4,BC,SB
76,464.51,420.0,4,BC,SB
76,481.61,423.0,4,BC,SB
76,481.61,423.0,4,BC,SB
76,481.61,423.0,4,BC,SB
76,614.71,531.96,4,BC,SB
76,614.71,531.96,4,BC,SB
76,614.71,531.96,4,BC,SB
76,178.78,154.0,4,BC,SB
77,298.03,261.0,3,RO,SB
77,298.03,261.0,3,RO,SB
77,148.56,129.54,3,RO,DB
77,147.91,129.6,3,RO,DB
77,130.69,111.24,3,RO,DB
77,393.44,366.88,4,RO,DB
77,393.44,366.88,4,RO,DB
77,108.52,87.36,2,RO,DB
77,573.45,508.3,6,RO,DB
77,573.45,508.3,6,RO,DB
78,157.47,136.08,2,BC,DB
78,618.27,564.0,2,BC,DB
78,618.27,564.0,2,BC,DB
78,618.27,564.0,2,BC,DB
78,178.79,158.22,2,BC,SB
78,534.61,474.65,2,BC,SB
78,534.61,474.65,2,BC,SB
78,534.61,474.65,2,BC,SB
78,196.2,174.2,1,BC,TW
78,196.2,174.2,1,BC,TW
78,91.86,68.04,1,BC,DB
79,434.27,411.29,2,BC,TB
79,357.58,338.66,2,BC,DB
79,550.74,509.85,3,BC,DB
79,550.74,509.85,3,BC,SB
79,550.74,509.85,3,BC,DB
79,383.75,352.26,2,BC,DB
79,383.75,352.26,2,BC,DB
79,383.75,352.26,2,BC,SB
79,728.26,668.33,2,BC,TB
79,383.84,345.36,2,RO,DB
79,570.73,519.69,3,RO,DB
79,1216.99,1120.56,4,BC,DB
80,231.41,225.0,3,BC,SB
80,151.57,135.0,3,BC,SB
80,142.04,135.0,3,BC,SB
80,154.39,135.0,3,BC,SB
80,172.28,147.99,3,BC,SB
80,138.16,132.99,3,BC,SB
80,158.25,152.94,3,BC,DB
80,149.15,127.0,3,BC,SB
80,101.16,85.5,2,BC,SB
80,177.53,156.0,3,BC,SB
80,298.81,283.0,3,BC,SB
80,160.87,156.0,3,BC,SB
80,230.47,225.0,3,BC,SB
81,241.12,229.47,2,AI,QB
81,282.34,268.7,2,AI,DB
81,546.43,509.85,3,RO,DB
81,590.63,548.71,4,AI,QB
81,327.31,303.08,2,AI,DB
81,342.54,329.58,3,AI,DB
81,329.46,312.77,2,AI,DB
81,645.58,617.71,4,AI,QB
81,671.99,615.32,4,AI,DB
81,332.17,300.22,3,AI,DB
81,191.23,170.42,2,AI,DB
81,235.06,181.3,2,AI,DB
82,615.67,600.0,3,BC,TB
82,647.08,633.0,6,BC,TW
82,273.46,267.5,4,BC,DB
82,498.35,487.5,5,BC,TW
82,498.35,487.5,5,BC,TW
82,652.03,633.0,6,BC,TW
82,566.18,536.22,6,BC,DB
82,568.27,523.36,6,BC,DB
82,217.36,211.0,3,BC,DB
82,217.88,211.5,3,BC,TW
82,373.75,364.94,4,BC,DB
82,373.75,364.94,4,BC,DB
82,356.4,348.0,4,BC,DB
82,219.17,214.0,3,BC,TB
82,105.49,103.0,2,BC,DB
82,111.41,108.79,1,BC,TB
82,162.84,159.0,3,BC,DB
82,162.84,159.0,3,BC,TW
82,325.66,318.0,3,BC,DB
82,325.66,318.0,3,BC,DB
82,180.26,162.06,3,BC,DB
82,163.36,159.5,3,BC,DB
82,227.87,222.5,3,BC,TB
82,415.11,361.55,3,BC,SB
82,362.15,317.0,3,BC,TB
82,483.53,403.18,5,RO,DB
82,178.87,175.0,4,BC,TB
82,220.23,198.0,4,BC,TB
82,220.23,198.0,4,BC,TB
82,220.87,213.3,3,BC,TW
82,307.94,297.39,3,BE,TB
82,297.19,287.0,3,BC,DB
82,240.77,232.5,3,BC,DB
82,240.77,232.5,3,BC,DB
82,240.77,232.5,3,BC,DB
82,240.77,232.5,3,BC,DB
82,231.44,223.5,3,BC,DB
82,305.19,298.0,3,BC,TB
82,238.11,232.5,3,BC,DB
82,213.06,192.51,3,BC,DB
82,74.19,72.44,1,BC,DB
82,224.91,219.61,3,BC,DB
82,155.39,143.0,5,BC,DB
82,505.19,493.31,4,BE,DB
82,158.97,140.4,5,BC,DB
82,155.39,143.32,5,BC,DB
83,419.79,367.26,3,BC,DB
83,151.73,124.4,2,BE,DB
83,389.15,335.76,6,BC,TW
83,201.93,173.46,3,BC,DB
83,198.33,171.21,3,BC,DB
83,267.92,231.28,4,BC,DB
83,335.73,289.82,5,BC,DB
83,514.27,449.92,7,BC,DB
83,473.66,414.4,4,RO,DB
83,225.93,195.04,3,BC,DB
83,325.48,290.08,4,BC,TW
84,239.58,205.96,3,AI,DB
84,239.58,205.96,3,AI,DB
84,239.58,205.96,3,AI,DB
84,239.58,205.96,3,AI,DB
84,341.68,293.49,3,AI,TB
84,341.68,293.49,3,AI,TB
84,239.06,205.35,3,AI,DB
84,239.79,205.96,3,AI,DB
84,239.79,205.96,3,AI,DB
84,122.41,99.84,1,AI,TB
84,239.58,205.96,3,AI,DB
84,239.58,205.96,3,AI,DB
84,239.78,205.96,3,AI,DB
84,239.78,205.96,3,AI,DB
84,239.58,205.96,3,AI,DB
84,239.06,205.35,3,AI,DB
84,340.68,292.63,3,AI,TB
84,239.96,206.12,3,AI,DB
85,188.08,171.0,3,BC,DB
85,159.19,145.93,2,BC,DB
85,333.28,303.0,3,BC,DB
85,229.4,201.6,3,BC,DB
85,355.16,319.31,5,RO,DB
85,1163.76,1046.32,4,BE,DB
85,1163.76,1046.32,4,BE,DB
85,1086.61,991.53,5,BE,DB
85,288.12,260.34,4,RO,DB
85,302.83,281.54,4,RO,DB
85,473.22,427.59,5,RO,DB
86,402.13,351.0,2,BC,DB
86,415.9,379.32,2,BC,DB
86,537.47,503.51,2,BC,DB
86,558.81,522.9,3,BC,DB
86,651.39,611.39,3,RO,DB
86,467.58,412.63,2,RO,DB
86,536.5,465.0,3,RO,DB
86,399.64,345.54,2,RO,DB
86,491.72,420.74,2,RO,DB
86,320.03,274.92,2,RO,DB
86,501.98,447.95,4,RO,DB
87,1320.67,1214.37,4,BC,SB
87,1320.67,1214.37,4,BC,SB
87,1320.67,1214.37,4,BC,SB
87,1206.67,1104.0,4,RO,DB
87,1206.67,1104.0,4,RO,DB
87,1206.67,1104.0,4,RO,TW
87,806.13,724.78,3,RO,DB
87,806.13,724.78,3,RO,DB
87,806.13,724.78,3,RO,DB
87,537.42,483.19,3,RO,DB
87,537.42,483.19,3,RO,DB
88,1074.13,952.56,4,UL,DB
88,1074.13,952.56,4,UL,DB
88,1074.13,952.56,4,UL,DB
88,1025.85,909.75,4,UL,DB
88,1025.85,909.75,4,UL,DB
88,1025.85,909.75,4,UL,SB
88,1074.13,952.56,4,UL,TW
88,1074.13,952.56,4,UL,TW
88,1074.13,952.56,4,UL,TW
88,2802.84,2661.19,7,AI,DB
88,2802.84,2661.19,7,AI,DB
88,2802.84,2661.19,7,AI,DB
89,273.2,249.98,5,BC,TB
89,276.92,256.79,6,BC,TW
89,649.22,612.0,5,BC,DB
89,649.22,612.0,5,BC,DB
89,191.72,176.43,4,BC,DB
89,191.72,176.43,4,BC,DB
89,477.55,439.49,6,AI,DB
89,488.37,449.43,6,AI,DB
89,2264.93,2100.0,7,BC,DB
89,2264.93,2100.0,7,BC,DB
89,358.25,333.66,4,BC,DB
89,737.47,666.6,6,BC,SB
89,737.47,666.6,6,BC,DB
90,878.47,786.0,2,BC,SB
90,878.47,786.0,2,BC,SB
90,878.47,786.0,2,BC,SB
90,292.83,262.0,2,BC,SB
90,1055.13,944.06,2,BC,TW
90,1055.13,944.06,2,BC,TW
90,1055.13,944.06,2,BC,TW
90,455.99,397.0,3,BC,SB
90,1487.16,1357.56,3,BC,TW
90,1487.16,1357.56,3,BC,TW
90,1487.16,1357.56,3,BC,TW
91,170.78,157.56,4,RO,DB
91,195.25,180.13,4,RO,DB
91,200.0,182.0,4,RO,DB
91,196.19,181.0,4,RO,DB
91,197.66,182.35,4,RO,DB
91,202.43,186.76,4,RO,DB
91,165.48,150.68,4,RO,DB
91,163.45,148.83,4,RO,DB
91,170.48,157.27,4,RO,SB
91,196.39,181.04,4,RO,DB
91,195.19,179.92,4,RO,DB
91,202.58,186.76,4,RO,DB
92,97.38,88.7,2,BC,DB
92,89.73,81.72,2,BC,DB
92,99.26,90.19,2,BE,DB
92,99.26,90.19,2,BE,DB
92,134.85,113.58,3,BC,DB
92,88.89,81.98,2,BC,DB
92,123.15,113.72,3,BC,DB
92,108.42,99.88,2,BC,DB
92,108.29,99.88,2,BC,DB
92,77.87,72.52,2,BC,DB
92,78.78,73.37,2,BE,DB
92,103.9,96.76,2,BC,DB
92,103.9,96.76,2,BC,DB
92,110.93,101.08,2,BE,DB
92,108.21,101.49,2,BC,DB
93,351.94,324.0,6,BC,TB
93,467.57,435.48,7,BC,DB
93,467.57,435.48,7,BC,DB
93,459.81,435.48,7,BC,DB
93,69.22,54.0,1,BC,TB
93,460.53,399.0,5,BC,DB
93,460.53,399.0,5,BC,DB
93,233.71,199.5,5,BC,DB
93,250.04,199.5,5,BC,DB
93,271.3,252.0,7,BC,DB
93,379.56,359.48,5,BE,DB
93,379.56,359.48,5,BE,DB
93,284.81,245.86,4,AI,TB
93,375.32,324.0,6,BC,TB
93,688.38,610.47,7,BC,TB
93,688.38,610.47,7,BC,DB
93,403.98,353.43,7,BC,TB
93,292.44,250.0,5,BC,TB
93,283.81,244.8,4,BC,DB
93,213.9,199.21,5,BE,DB
93,213.9,196.81,5,BE,DB
93,491.67,438.0,3,BE,DB
93,491.67,438.0,3,BE,DB
93,491.67,438.0,3,BE,DB
93,164.64,146.0,3,BE,TW
93,617.23,540.0,6,BC,TB
93,600.08,525.0,6,BC,DB
93,480.07,420.0,6,BC,DB
93,480.07,420.0,6,BC,DB
93,644.22,600.0,6,BC,DB
93,644.22,600.0,6,BC,DB
93,334.02,311.09,6,BE,DB
93,644.22,600.0,6,BC,DB
93,644.22,600.0,6,BC,DB
93,424.57,399.23,6,BC,TB
93,424.57,399.23,6,BC,TB
93,396.25,333.72,6,BC,DB
93,404.63,354.0,7,BE,DB
93,614.97,532.8,5,BC,DB
93,614.97,532.8,5,BC,DB
93,311.63,266.4,5,BC,DB
93,441.24,382.28,4,BC,DB
93,441.24,382.28,4,BC,DB
93,157.83,139.96,5,RO,DB
93,570.1,539.93,5,BC,DB
93,570.1,539.93,5,BC,DB
93,570.1,539.93,5,BC,DB
93,191.9,179.98,5,BC,DB
93,191.9,179.98,5,BC,DB
93,423.18,377.06,7,BC,TB
94,261.01,252.14,1,RO,DB
94,229.35,211.0,1,BE,SB
94,297.29,254.15,1,RO,DB
94,119.19,109.65,1,BE,SB
94,357.93,346.63,1,BC,DB
94,107.37,103.72,1,BC,SB
94,215.57,208.24,1,BC,SB
94,223.89,216.28,1,BC,SB
94,115.7,111.76,1,BC,SB
94,91.22,88.07,1,BC,SB
94,96.61,89.1,1,RO,DB
94,174.81,141.93,1,BC,SB
94,91.17,88.07,1,BC,SB
94,413.19,399.15,1,RO,SB
94,150.28,128.47,1,BC,SB
94,182.95,156.4,1,RO,SB
94,288.64,279.53,3,RO,SB
94,154.05,141.65,1,BC,DB
94,124.63,120.39,1,BC,SB
94,383.07,370.06,2,BC,SB
94,121.78,96.15,1,BC,DB
95,349.23,325.26,4,BC,DB
95,349.23,325.26,4,BC,DB
95,349.23,325.26,4,BC,DB
95,348.97,325.01,4,BC,DB
95,348.97,325.01,4,BC,DB
95,309.24,288.0,2,BC,DB
95,309.24,288.0,2,BC,DB
95,459.42,432.0,2,BC,DB
95,459.42,432.0,2,BC,DB
95,459.42,432.0,2,BC,DB
95,309.24,288.0,2,BC,DB
95,309.24,288.0,2,BC,DB
95,459.42,432.0,2,BC,DB
95,459.42,432.0,2,BC,DB
95,459.42,432.0,2,BC,DB
96,318.01,311.0,2,BC,SB
96,377.16,365.0,2,BC,DB
96,319.71,311.0,2,BC,SB
96,325.47,306.16,2,BC,SB
96,325.47,306.16,2,BC,SB
96,326.16,306.16,2,BC,SB
96,326.16,306.16,2,BC,SB
96,327.35,306.16,2,BC,SB
96,327.35,306.16,2,BC,SB
96,317.32,306.16,2,BC,SB
96,317.03,306.16,2,BC,SB
96,157.54,141.64,1,BE,SB
96,180.25,167.87,1,BE,TW
96,152.09,141.64,1,BE,SB
96,152.09,141.64,1,BE,SB
96,291.93,285.06,2,BC,SB
96,152.09,141.64,1,BE,SB
96,152.09,141.64,1,BE,SB
96,295.12,285.0,2,BC,SB
96,290.69,283.28,2,BE,SB
96,290.11,283.28,2,BE,SB
97,127.35,102.51,1,BC,DB
97,127.35,102.51,1,BC,DB
97,127.35,102.51,1,BC,DB
97,102.57,66.05,1,BC,DB
97,154.56,124.41,1,BE,TW
97,154.56,124.41,1,BE,TB
97,154.56,124.41,1,BE,SB
97,81.57,52.53,1,BC,DB
97,78.48,50.54,1,BC,TW
97,66.98,43.13,1,BC,DB
97,157.24,138.09,1,BE,TW
97,157.24,138.09,1,BE,TB
97,157.24,138.09,1,BE,SB
98,853.76,763.8,7,RO,DB
98,853.76,763.8,7,RO,DB
98,853.76,763.8,7,RO,DB
98,849.53,763.8,7,RO,DB
98,849.53,763.8,7,RO,DB
98,849.53,763.8,7,RO,DB
98,566.36,509.2,7,RO,DB
98,566.36,509.2,7,RO,DB
98,849.53,763.8,7,RO,DB
98,849.53,763.8,7,RO,DB
98,849.53,763.8,7,RO,DB
98,849.53,763.8,7,RO,DB
98,849.53,763.8,7,RO,DB
98,849.53,763.8,7,RO,DB
98,288.77,262.71,7,RO,DB
99,218.79,195.24,2,BC,SB
99,218.79,195.24,2,BC,SB
99,126.24,105.46,1,BC,SB
99,126.24,105.46,1,BC,SB
99,209.22,181.92,2,BC,SB
99,209.22,181.92,2,BC,SB
99,209.22,181.92,2,BC,SB
99,209.22,181.92,2,BC,SB
99,284.75,246.36,2,RO,SB
99,284.75,246.36,2,RO,SB
99,283.43,245.22,2,RO,SB
99,283.43,245.22,2,RO,SB
99,368.76,328.52,2,BC,SB
99,368.76,328.52,2,BC,SB
100,705.16,659.32,4,BC,SB
100,705.16,659.32,4,BC,SB
100,84.01,77.0,1,BC,SB
100,183.67,168.37,1,BC,SB
100,183.67,168.37,1,BC,SB
100,84.01,77.0,1,BC,SB
100,251.98,231.0,1,BC,SB
100,251.98,231.0,1,BC,SB
100,251.98,231.0,1,BC,SB
100,1064.92,987.29,4,BC,SB
100,1064.92,987.29,4,BC,SB
100,1064.92,987.29,4,BC,SB
